"UMSARS","Inpatient.care","Drugs..BSC.","Special.equipment","Home.care","Other.direct.costs","Total","StandardError"
"UMSARS_IV 1 + 2",3555.8976,2370.5984,2370.5984,0,3555.8976,11852.992,1747.62832676835
"UMSARS_IV 3",8889.744,3555.8976,3555.8976,592.6496,7408.12,24002.3088,3538.9473617059
"UMSARS_IV 4",11852.992,3852.2224,12445.6416,4741.1968,11260.3424,44152.3952,6509.91551721209
"UMSARS_IV 5",11852.992,3852.2224,12445.6416,4741.1968,11260.3424,44152.3952,6509.91551721209
